iter	RMSE
0	0.8326943771
1	0.828634328
2	0.8243767913
3	0.8197945676
4	0.8137059074
5	0.8082911318
6	0.8039449622
7	0.8011196784
8	0.7966433522
9	0.7931279107
